"This is a duplication of the main game list, for convienience. These games' worlds are included with the main Archipelago installation. The Archipelago website is likely to be more up-to-date and accurate: https://archipelago.gg/games","","","","","","","",""
"Game","Game Page","Setup Page","Discord Channel","","","","",""
"Adventure","https://archipelago.gg/games/Adventure/info/en","https://archipelago.gg/tutorial/#Adventure","https://discord.com/channels/731205301247803413/1090814076378153111","","","","",""
"APQuest","https://archipelago.gg/games/APQuest/info/en","https://archipelago.gg/tutorial/#APQuest","https://discord.com/channels/731205301247803413/1450659987331481610","","","","",""
"Aquaria","https://archipelago.gg/games/Aquaria/info/en","https://archipelago.gg/tutorial/#Aquaria","https://discord.com/channels/731205301247803413/1257452465272389687","","","","",""
"Blasphemous","https://archipelago.gg/games/Blasphemous/info/en","https://archipelago.gg/tutorial/#Blasphemous","https://discord.com/channels/731205301247803413/1090815418731597884","","","","",""
"Bomb Rush Cyberfunk","https://archipelago.gg/games/Bomb%20Rush%20Cyberfunk/info/en","https://archipelago.gg/tutorial/#Bomb%20Rush%20Cyberfunk","https://discord.com/channels/731205301247803413/1257453065083031642","","","","",""
"Bumper Stickers","https://archipelago.gg/games/Bumper%20Stickers/info/en","https://archipelago.gg/tutorial/#Bumper%20Stickers","https://discord.com/channels/731205301247803413/1148330200891932742","","","","",""
"Castlevania - Circle of the Moon","https://archipelago.gg/games/Castlevania%20-%20Circle%20of%20the%20Moon/info/en","https://archipelago.gg/tutorial/#Castlevania%20-%20Circle%20of%20the%20Moon","https://discord.com/channels/731205301247803413/1356647822803603536","","","","",""
"Castlevania 64","https://archipelago.gg/games/Castlevania%2064/info/en","https://archipelago.gg/tutorial/#Castlevania%2064","https://discord.com/channels/731205301247803413/1224387731782893731","","","","",""
"Celeste (Open World)","https://archipelago.gg/games/Celeste%20(Open%20World)/info/en","https://archipelago.gg/tutorial/#Celeste%20%28Open%20World%29","https://discord.com/channels/731205301247803413/1408557298946670835","","","","",""
"Celeste 64","https://archipelago.gg/games/Celeste%2064/info/en","https://archipelago.gg/tutorial/#Celeste%2064","https://discord.com/channels/731205301247803413/1224388599160635552","","","","",""
"ChecksFinder","https://archipelago.gg/games/ChecksFinder/info/en","https://archipelago.gg/tutorial/#ChecksFinder","https://discord.com/channels/731205301247803413/959282474746282014","","","","",""
"Choo Choo Charles","https://archipelago.gg/games/Choo-Choo%20Charles/info/en","https://archipelago.gg/tutorial/#Choo-Choo%20Charles","https://discord.com/channels/731205301247803413/1436453823928598679","","","","",""
"Civilization VI","https://archipelago.gg/games/Civilization%20VI/info/en","https://archipelago.gg/tutorial/#Civilization%20VI","https://discord.com/channels/731205301247803413/1356645390497222887","","","","",""
"Dark Souls III","https://archipelago.gg/games/Dark%20Souls%20III/info/en","https://archipelago.gg/tutorial/#Dark%20Souls%20III","https://discord.com/channels/731205301247803413/1005246392329052220","","","","",""
"DLCQuest","https://archipelago.gg/games/DLCQuest/info/en","https://archipelago.gg/tutorial/#DLCQuest","https://discord.com/channels/731205301247803413/1109178880838868992","","","","",""
"Donkey Kong Country 3","https://archipelago.gg/games/Donkey%20Kong%20Country%203/info/en","https://archipelago.gg/tutorial/#Donkey%20Kong%20Country%203","https://discord.com/channels/731205301247803413/1005246223277641809","","","","",""
"DOOM 1993","https://archipelago.gg/games/DOOM%201993/info/en","https://archipelago.gg/tutorial/#DOOM%201993","https://discord.com/channels/731205301247803413/1148329739996643348","","","","",""
"DOOM II","https://archipelago.gg/games/DOOM%20II/info/en","https://archipelago.gg/tutorial/#DOOM%20II","https://discord.com/channels/731205301247803413/1192236810487738510","","","","",""
"Factorio","https://archipelago.gg/games/Factorio/info/en","https://archipelago.gg/tutorial/#Factorio","https://discord.com/channels/731205301247803413/827139809763262525","","","","",""
"Faxanadu","https://archipelago.gg/games/Faxanadu/info/en","https://archipelago.gg/tutorial/#Faxanadu","https://discord.com/channels/731205301247803413/1356649072462659716","","","","",""
"Final Fantasy","https://archipelago.gg/games/Final%20Fantasy/info/en","https://archipelago.gg/tutorial/#Final%20Fantasy","https://discord.com/channels/731205301247803413/917510025461776445","","","","",""
"Final Fantasy Mystic Quest","https://archipelago.gg/games/Final%20Fantasy%20Mystic%20Quest/info/en","https://archipelago.gg/tutorial/#Final%20Fantasy%20Mystic%20Quest","https://discord.com/channels/731205301247803413/1192237281298362539","","","","",""
"A Hat in Time","https://archipelago.gg/games/A%20Hat%20in%20Time/info/en","https://archipelago.gg/tutorial/#A%20Hat%20in%20Time","https://discord.com/channels/731205301247803413/1257453386073374842","","","","",""
"Heretic","https://archipelago.gg/games/Heretic/info/en","https://archipelago.gg/tutorial/#Heretic","https://discord.com/channels/731205301247803413/1192236842515439627","","","","",""
"Hollow Knight","https://archipelago.gg/games/Hollow%20Knight/info/en","https://archipelago.gg/tutorial/#Hollow%20Knight","https://discord.com/channels/731205301247803413/959203442570715176","","","","",""
"Hylics 2","https://archipelago.gg/games/Hylics%202/info/en","https://archipelago.gg/tutorial/#Hylics%202","https://discord.com/channels/731205301247803413/1043593298247417929","","","","",""
"Inscryption","https://archipelago.gg/games/Inscryption/info/en","https://archipelago.gg/tutorial/#Inscryption","https://discord.com/channels/731205301247803413/1356651394320437469","","","","",""
"Jak and Daxter: The Precursor Legacy","https://archipelago.gg/games/Jak%20and%20Daxter:%20The%20Precursor%20Legacy/info/en","https://archipelago.gg/tutorial/#Jak%20and%20Daxter%3A%20The%20Precursor%20Legacy","https://discord.com/channels/731205301247803413/1394026388683755613","","","","",""
"Kingdom Hearts","https://archipelago.gg/games/Kingdom%20Hearts/info/en","https://archipelago.gg/tutorial/#Kingdom%20Hearts","https://discord.com/channels/731205301247803413/1311061458662199357","","","","",""
"Kingdom Hearts 2","https://archipelago.gg/games/Kingdom%20Hearts%202/info/en","https://archipelago.gg/tutorial/#Kingdom%20Hearts%202","https://discord.com/channels/731205301247803413/1090817012416118815","","","","",""
"Kirby's Dream Land 3","https://archipelago.gg/games/Kirby's%20Dream%20Land%203/info/en","https://archipelago.gg/tutorial/#Kirby%27s%20Dream%20Land%203","https://discord.com/channels/731205301247803413/1224389195485806703","","","","",""
"Landstalker - The Treasures of King Nole","https://archipelago.gg/games/Landstalker%20-%20The%20Treasures%20of%20King%20Nole/info/en","https://archipelago.gg/tutorial/#Landstalker%20-%20The%20Treasures%20of%20King%20Nole","https://discord.com/channels/731205301247803413/1192237232069808238","","","","",""
"The Legend of Zelda","https://archipelago.gg/games/The%20Legend%20of%20Zelda/info/en","https://archipelago.gg/tutorial/#The%20Legend%20of%20Zelda","https://discord.com/channels/731205301247803413/1090821869340467332","","","","",""
"Lingo","https://archipelago.gg/games/Lingo/info/en","https://archipelago.gg/tutorial/#Lingo","https://discord.com/channels/731205301247803413/1192233449868767362","","","","",""
"A Link to the Past","https://archipelago.gg/games/A%20Link%20to%20the%20Past/info/en","https://archipelago.gg/tutorial/#A%20Link%20to%20the%20Past","https://discord.com/channels/731205301247803413/827141303330406408","","","","",""
"Links Awakening DX","https://archipelago.gg/games/Links%20Awakening%20DX/info/en","https://archipelago.gg/tutorial/#Links%20Awakening%20DX","https://discord.com/channels/731205301247803413/1090819435893362768","","","","",""
"Lufia II Ancient Cave","https://archipelago.gg/games/Lufia%20II%20Ancient%20Cave/info/en","https://archipelago.gg/tutorial/#Lufia%20II%20Ancient%20Cave","https://discord.com/channels/731205301247803413/1055241755383046154","","","","",""
"Mario & Luigi Superstar Saga","https://archipelago.gg/games/Mario%20&%20Luigi%20Superstar%20Saga/info/en","https://archipelago.gg/tutorial/#Mario%20%26%20Luigi%20Superstar%20Saga","https://discord.com/channels/731205301247803413/1257453738612756632","","","","",""
"Mega Man 2","https://archipelago.gg/games/Mega%20Man%202/info/en","https://archipelago.gg/tutorial/#Mega%20Man%202","https://discord.com/channels/731205301247803413/1311061171192729690","","","","",""
"MegaMan Battle Network 3","https://archipelago.gg/games/MegaMan%20Battle%20Network%203/info/en","https://archipelago.gg/tutorial/#MegaMan%20Battle%20Network%203","https://discord.com/channels/731205301247803413/1148331400542568558","","","","",""
"Meritous","https://archipelago.gg/games/Meritous/info/en","https://archipelago.gg/tutorial/#Meritous","https://discord.com/channels/731205301247803413/959202754188963880","","","","",""
"The Messenger","https://archipelago.gg/games/The%20Messenger/info/en","https://archipelago.gg/tutorial/#The%20Messenger","https://discord.com/channels/731205301247803413/1090822939697500243","","","","",""
"Muse Dash","https://archipelago.gg/games/Muse%20Dash/info/en","https://archipelago.gg/games/Muse%20Dash/player-options","https://discord.com/channels/731205301247803413/1148331097705414796","","","","",""
"Noita","https://archipelago.gg/games/Noita/info/en","https://archipelago.gg/tutorial/#Noita","https://discord.com/channels/731205301247803413/1109174779619057795","","","","",""
"Ocarina of Time","https://archipelago.gg/games/Ocarina%20of%20Time/info/en","https://archipelago.gg/tutorial/#Ocarina%20of%20Time","https://discord.com/channels/731205301247803413/884928390421938206","","","","",""
"Old School Runescape","https://archipelago.gg/games/Old%20School%20Runescape/info/en","https://archipelago.gg/tutorial/#Old%20School%20Runescape","https://discord.com/channels/731205301247803413/1311060866598178866","","","","",""
"Overcooked! 2","https://archipelago.gg/games/Overcooked!%202/info/en","https://archipelago.gg/tutorial/#Overcooked%21%202","https://discord.com/channels/731205301247803413/1043593072174440448","","","","",""
"Paint","https://archipelago.gg/games/Paint/info/en","https://archipelago.gg/tutorial/#Paint","https://discord.com/channels/731205301247803413/1404622196567048253","","","","",""
"Pokemon Emerald","https://archipelago.gg/games/Pokemon%20Emerald/info/en","https://archipelago.gg/tutorial/#Pokemon%20Emerald","https://discord.com/channels/731205301247803413/1192236871468711966","","","","",""
"Pokemon Red and Blue","https://archipelago.gg/games/Pokemon%20Red%20and%20Blue/info/en","https://archipelago.gg/tutorial/#Pokemon%20Red%20and%20Blue","https://discord.com/channels/731205301247803413/1043592720603693167","","","","",""
"Raft","https://archipelago.gg/games/Raft/info/en","https://archipelago.gg/tutorial/#Raft","https://discord.com/channels/731205301247803413/937206960472883243","","","","",""
"Risk of Rain 2","https://archipelago.gg/games/Risk%20of%20Rain%202/info/en","https://archipelago.gg/tutorial/#Risk%20of%20Rain%202","https://discord.com/channels/731205301247803413/884926818480705586","","","","",""
"Saving Princess","https://archipelago.gg/games/Saving%20Princess/info/en","https://archipelago.gg/tutorial/#Saving%20Princess","https://discord.com/channels/731205301247803413/1356647146484666439","","","","",""
"Secret of Evermore","https://archipelago.gg/games/Secret%20of%20Evermore/info/en","https://archipelago.gg/tutorial/#Secret%20of%20Evermore","https://discord.com/channels/731205301247803413/909605724190019645","","","","",""
"shapez","https://archipelago.gg/games/shapez/info/en","https://archipelago.gg/tutorial/#shapez","https://discord.com/channels/731205301247803413/1394026826782740601","","","","",""
"Shivers","https://archipelago.gg/games/Shivers/info/en","https://archipelago.gg/tutorial/#Shivers","https://discord.com/channels/731205301247803413/1192237130005610586","","","","",""
"A Short Hike","https://archipelago.gg/games/A%20Short%20Hike/info/en","https://archipelago.gg/tutorial/#A%20Short%20Hike","https://discord.com/channels/731205301247803413/1224389725922787389","","","","",""
"SMZ3","https://archipelago.gg/games/SMZ3/info/en","https://archipelago.gg/tutorial/#SMZ3","https://discord.com/channels/731205301247803413/959203096142184458","","","","",""
"Sonic Adventure 2 Battle","https://archipelago.gg/games/Sonic%20Adventure%202%20Battle/info/en","https://archipelago.gg/tutorial/#Sonic%20Adventure%202%20Battle","https://discord.com/channels/731205301247803413/980554290798145566","","","","",""
"Starcraft 2","https://archipelago.gg/games/Starcraft%202/info/en","https://archipelago.gg/tutorial/#Starcraft%202","https://discord.com/channels/731205301247803413/980554570075873300","","","","",""
"Stardew Valley","https://archipelago.gg/games/Stardew%20Valley/info/en","https://archipelago.gg/tutorial/#Stardew%20Valley","https://discord.com/channels/731205301247803413/1090823633099833464","","","","",""
"Subnautica","https://archipelago.gg/games/Subnautica/info/en","https://archipelago.gg/tutorial/#Subnautica","https://discord.com/channels/731205301247803413/868938368346628096","","","","",""
"Sudoku","https://archipelago.gg/games/Sudoku/info/en","https://archipelago.gg/tutorial/#Sudoku","https://discord.com/channels/731205301247803413/1043594049854124152","","","","",""
"Super Mario 64","https://archipelago.gg/games/Super%20Mario%2064/info/en","https://archipelago.gg/tutorial/#Super%20Mario%2064","https://discord.com/channels/731205301247803413/937206798014898186","","","","",""
"Super Mario Land 2: The Golden Coins","https://archipelago.gg/games/Super%20Mario%20Land%202/info/en","https://archipelago.gg/tutorial/#Super%20Mario%20Land%202","https://discord.com/channels/731205301247803413/1394026996325158982","","","","",""
"Super Mario World","https://archipelago.gg/games/Super%20Mario%20World/info/en","https://archipelago.gg/tutorial/#Super%20Mario%20World","https://discord.com/channels/731205301247803413/1043593173089398846","","","","",""
"Super Metroid","https://archipelago.gg/games/Super%20Metroid/info/en","https://archipelago.gg/tutorial/#Super%20Metroid","https://discord.com/channels/731205301247803413/909599727341928538","","","","",""
"Terraria","https://archipelago.gg/games/Terraria/info/en","https://archipelago.gg/tutorial/#Terraria","https://discord.com/channels/731205301247803413/1148330488482767008","","","","",""
"Timespinner","https://archipelago.gg/games/Timespinner/info/en","https://archipelago.gg/tutorial/#Timespinner","https://discord.com/channels/731205301247803413/893636303630000169","","","","",""
"TUNIC","https://archipelago.gg/games/TUNIC/info/en","https://archipelago.gg/tutorial/#TUNIC","https://discord.com/channels/731205301247803413/1224388891948093540","","","","",""
"Undertale","https://archipelago.gg/games/Undertale/info/en","https://archipelago.gg/tutorial/#Undertale","https://discord.com/channels/731205301247803413/1148330675452264499","","","","",""
"VVVVVV","https://archipelago.gg/games/VVVVVV/info/en","https://archipelago.gg/tutorial/#VVVVVV","https://discord.com/channels/731205301247803413/937206899949076540","","","","",""
"Wargroove","https://archipelago.gg/games/Wargroove/info/en","https://archipelago.gg/tutorial/#Wargroove","https://discord.com/channels/731205301247803413/1090824439710625822","","","","",""
"The Wind Waker","https://archipelago.gg/games/The%20Wind%20Waker/info/en","https://archipelago.gg/tutorial/#The%20Wind%20Waker","https://discord.com/channels/731205301247803413/1356643332754768044","","","","",""
"The Witness","https://archipelago.gg/games/The%20Witness/info/en","https://archipelago.gg/tutorial/#The%20Witness","https://discord.com/channels/731205301247803413/980554001231786014","","","","",""
"Yacht Dice","https://archipelago.gg/games/Yacht%20Dice/info/en","https://archipelago.gg/tutorial/#Yacht%20Dice","https://discord.com/channels/731205301247803413/1311061580645142578","","","","",""
"Yoshi's Island","https://archipelago.gg/games/Yoshi's%20Island/info/en","https://archipelago.gg/tutorial/#Yoshi%27s%20Island","https://discord.com/channels/731205301247803413/1224389973336133743","","","","",""
"Yu-Gi-Oh! 2006","https://archipelago.gg/games/Yu-Gi-Oh!%202006/info/en","https://archipelago.gg/tutorial/#Yu-Gi-Oh%21%202006","https://discord.com/channels/731205301247803413/1257454640950149151","","","","",""
"Zillion","https://archipelago.gg/games/Zillion/info/en","https://archipelago.gg/tutorial/#Zillion","https://discord.com/channels/731205301247803413/1043593966131613736","","","","",""