"Please be mindful when editing!","The person generating the game needs a copy of each APWorld that is to be used for the game. If the APWorld requires a specific ROM to generate, they need that ROM too.","","","","","","","",""
"Headers are locked to prevent auto-sorts from being done","The APWorlds should be placed in the host's Archipelago install in the custom_worlds folder. Then, the host can generate the game by following the instructions here: https://archipelago.gg/tutorial/Archipelago/setup/en#generating-a-game","","","","","","","",""
"If something is missing, add it! Someone will move it later.","Alternate place to get info on APWorlds: https://discord.com/channels/731205301247803413/1343416927871307776","","","","","","","",""
"Do not sort","Please only download APWorlds from trusted sources. You need to run custom code to generate a game, which is a potential security vulnerability if you managed to find a malicious APWorld.","","","","","","","",""
"Game","Status","Where can you get the APWorld and Client?","Notes","","","","","",""
"Clique","APWorld Only","APWorld: https://pharware.com/git/Phar/Clique/releases/latest
Client: https://clique.pharware.com/","","","","","","",""
"Crystal Project","APWorld Only","https://github.com/Emerassi/CrystalProjectAPWorld/releases","Game is fully playable with a built-in tracker and a healthy amount of customization available via the yaml
Setup guide: https://github.com/Emerassi/Crystal-Project-Archipelago-Mod-Installer","","","","","",""
"Donkey Kong Country","APWorld Only","https://github.com/TheLX5/Archipelago/releases?q=""Donkey+Kong+Country""&expanded=true","See this thread in the future-game-design channel for information.
https://discord.com/channels/731205301247803413/1095928183607525556/1398000364594139156","","","","","",""
"Donkey Kong Country 2: Diddy's Kong Quest","APWorld Only","https://github.com/TheLX5/Archipelago/releases?q=""Donkey+Kong+Country+2""&expanded=true","See this thread in the future-game-design channel for information.
https://discord.com/channels/731205301247803413/1095928183607525556/1398000364594139156","","","","","",""
"Don't Starve Together","APWorld Only","APWorld: https://github.com/DragonWolfLeo/Archipelago-DST/releases 
Client: https://steamcommunity.com/sharedfiles/filedetails/?id=3218471273","","","","","","",""
"Flipwitch","APWorld Only","https://github.com/Witchybun/FlipwitchAPClient/releases/latest","Not allowed on the main discord due to 18+ age rating. See the After Dark discord for the game's channel.","","","","","",""
"Huniepop","APWorld Only","APWorld: https://github.com/DotsofdarknessArchipelago/HuniePop-APWorld
Client: https://github.com/DotsofdarknessArchipelago/HuniePop-Archiepelago-Client","Not allowed on the main discord due to 18+ age rating. See the After Dark discord for the game's channel.","","","","","",""
"Huniepop 2: Double Date","APWorld Only","APWorld: https://github.com/DotsofdarknessArchipelago/HuniePop2-APWorld/releases 
Client: https://github.com/DotsofdarknessArchipelago/HunniePop2-Archipelago-Client/releases","Not allowed on the main discord due to 18+ age rating. See the After Dark discord for the game's channel.","","","","","",""
"Mega Man X","APWorld Only","https://github.com/TheLX5/Archipelago/releases?q=""Mega+Man+X""&expanded=true","See this thread in the future-game-design channel for information.
https://discord.com/channels/731205301247803413/1095928183607525556/1398000364594139156","","","","","",""
"Mega Man X2","APWorld Only","https://github.com/TheLX5/Archipelago/releases?q=""Mega+Man+X2""&expanded=true","See this thread in the future-game-design channel for information.
https://discord.com/channels/731205301247803413/1095928183607525556/1398000364594139156","","","","","",""
"Mega Man X3","APWorld Only","https://github.com/TheLX5/Archipelago/releases?q=""Mega+Man+X3""&expanded=true","See this thread in the future-game-design channel for information.
https://discord.com/channels/731205301247803413/1095928183607525556/1398000364594139156","","","","","",""
"Outer Wilds","APWorld Only","https://github.com/Ixrec/OuterWildsArchipelagoRandomizer/releases/latest","See its thread in the future-game-design channel for information.
https://discord.com/channels/731205301247803413/1178700404637311086/1296169222396969012","","","","","",""
"Pokemon Crystal","APWorld Only","https://github.com/gerbiljames/Archipelago/releases/latest","Tracker: https://github.com/palex00/crystal-ap-tracker/releases/latest","","","","","",""
"Resident Evil 2 Remake","APWorld Only","APWorld: https://github.com/FuzzyGamesOn/RE2R_AP_World/releases/latest
Client: https://github.com/FuzzyGamesOn/RE2R_AP_Client/releases/latest","Not allowed on the main discord due to 18+ age rating. See the After Dark discord for the game's channel.","","","","","",""
"Resident Evil 3 Remake","APWorld Only","APWorld: https://github.com/dontjoome/RE3R_AP_World/releases/latest
Client: https://github.com/dontjoome/RE3R_AP_Client/releases/latest","Not allowed on the main discord due to 18+ age rating. See the After Dark discord for the game's channel.","","","","","",""
"Rogue Legacy","APWorld Only","APWorld: https://discord.com/channels/731205301247803413/929585237695029268/1394406811532001480
Client: https://github.com/ThePhar/RogueLegacyRandomizer/releases/latest","","","","","","",""
"Slay the Spire","APWorld Only","APWorld: https://github.com/cjmang/StS-AP-World/releases/latest
Client: https://github.com/cjmang/Slay-The-Spire-Archipelago-Mod/releases/latest","","","","","","",""
"Spongebob Squarepants: Battle for Bikini Bottom","APWorld Only","https://github.com/Cyb3RGER/bfbb_ap_world/releases/latest","GPL, cannot be merged into main. See its thread in the future-game-design channel.","","","","","",""
"Touhou Koumakyou: The Embodiment of Scarlet Devil","APWorld Only","https://github.com/Nepley/eosd-apworld/releases/latest","See the After Dark discord for the game's channel.","","","","","",""
"UFO 50","APWorld Only","https://github.com/UFO-50-Archipelago/Archipelago/releases/latest","Game Info: https://github.com/UFO-50-Archipelago/Archipelago/blob/main/worlds/ufo50/docs/en_UFO%2050.md
Setup Guide: https://github.com/UFO-50-Archipelago/Archipelago/blob/main/worlds/ufo50/docs/setup_en.md","","","","","",""
"ULTRAKILL","APWorld Only","https://github.com/TRPG0/ArchipelagoULTRAKILL/releases/latest","See the After Dark discord for the game's channel.","","","","","",""
"Zork: Grand Inquisitor","APWorld Only","https://github.com/SerpentAI/Archipelago/releases?q=zork&expanded=true","Setup guide: https://github.com/SerpentAI/Archipelago/blob/zgi-v2-post-removal/worlds/zork_grand_inquisitor/docs/setup_en.md","","","","","",""
"Earthbound","Merged","https://github.com/PinkSwitch/Archipelago/releases?q=earthbound&expanded=true","https://github.com/ArchipelagoMW/Archipelago/pull/5159
Setup Guide: https://github.com/PinkSwitch/Archipelago/blob/earthbound/worlds/earthbound/docs/setup_en.md","","","","","",""
"Satisfactory","Merged","https://github.com/Jarno458/SatisfactoryArchipelagoMod/releases","https://github.com/ArchipelagoMW/Archipelago/pull/5190","","","","","",""
"Wario Land 4","In Review","https://github.com/lilDavid/Archipelago-Wario-Land-4/releases","https://github.com/ArchipelagoMW/Archipelago/pull/3266
Tracker: https://github.com/JackTHerbert/wl4_jth/releases","","","","","",""
"Psychonauts","In Review","https://github.com/Akashortstack/Psychonauts-AP-Integration/releases","https://github.com/ArchipelagoMW/Archipelago/pull/3546","","","","","",""
"OpenRCT2","In Review","https://github.com/Crazycolbster/rollercoaster-tycoon-randomizer/releases","https://github.com/ArchipelagoMW/Archipelago/pull/3229
Report logic issues, bugs, or crashes to Crazycolbster in the future game design channel.","","","","","",""
"Wargroove 2","In Review","Check the future game design channel for the latest setup instructions","https://github.com/ArchipelagoMW/Archipelago/pull/3730","","","","","",""
"Hades","In Review","https://github.com/NaixGames/Polycosmos/releases/latest","https://github.com/ArchipelagoMW/Archipelago/pull/3815","","","","","",""
"Metroid Prime","In Review","https://github.com/Electro1512/MetroidAPrime/releases/latest","https://github.com/ArchipelagoMW/Archipelago/pull/4248 
Readme and Setup Guide: https://github.com/Electro1512/MetroidAPrime?tab=readme-ov-file#metroid-prime-archipelago","","","","","",""
"Final Fantasy IV: Free Enterprise","In Review","https://github.com/Rosalie-A/Archipelago/releases?q=FF4&expanded=true","https://github.com/ArchipelagoMW/Archipelago/pull/3897","","","","","",""
"Loonyland: Halloween Hill","In Review","APWorld: https://github.com/AutomaticFrenzy/Archipelago/releases 
Client: https://github.com/AutomaticFrenzy/HamSandwich/releases","https://github.com/ArchipelagoMW/Archipelago/pull/4427","","","","","",""
"Banjo-Tooie","In Review","https://github.com/jjjj12212/Archipelago-BanjoTooie/releases/","https://github.com/ArchipelagoMW/Archipelago/pull/4471
https://github.com/jjjj12212/Archipelago-BanjoTooie/blob/main/worlds/banjo_tooie/docs/setup_en.md","","","","","",""
"Gauntlet Legends","In Review","https://github.com/jamesbrq/GauntletLegendsAP/releases ","https://github.com/ArchipelagoMW/Archipelago/pull/3499","","","","","",""
"Peaks of Yore","In Review","See the future game design channel for the latest APWorld","https://github.com/ArchipelagoMW/Archipelago/pull/4626","","","","","",""
"Stick Ranger","In Review","https://github.com/Kryen112/AP_Stick_Ranger/releases/","https://github.com/ArchipelagoMW/Archipelago/pull/5115
Very playable! Game hosted at https://kryen112.github.io/","","","","","",""
"Scooby-Doo! Night of 100 Frights","In Review","https://github.com/vgm5/Night_Of_100_Frights_ap_world/releases/latest","https://github.com/ArchipelagoMW/Archipelago/pull/5180","","","","","",""
"Mega Man 3","In Review","https://github.com/Silvris/Archipelago/releases?q=%22Mega+Man+3%22&expanded=true","https://github.com/ArchipelagoMW/Archipelago/pull/5237","","","","","",""
"Hexcells Infinite","In Review","APWorld: https://github.com/Heaxeus/Archipelago/releases/
Client: https://github.com/Heaxeus/HexcellsInfiniteAP/releases/","","","","","","",""
"Trackmania","In Review","APWorld: https://github.com/SerialBoxes/ArchipelagoTrackmania/releases/latest
Client: https://github.com/SerialBoxes/ArchipelagoTrackmaniaPlugin/releases/latest","","","","","","",""
"Candy Box 2","In Review","APWorld: https://github.com/vicr123/Archipelago/releases/latest
Client: https://vicr123.com/candy-box-2/","Source Code: https://github.com/vicr123/candy-box-2/tree/archipelago
Pull Request: https://github.com/ArchipelagoMW/Archipelago/pull/5581","","","","","",""
"Glover","In Review","https://github.com/Smg065/GloverArchipelago/releases","Near Feature-Completion. A few remaining ROM bugs. Fuzz errors under 1% of the time.
New features were just added, so may not be stable","","","","","",""
"A Difficult Game About Climbing","Stable","https://github.com/BlastSlimey/GrabbingChecks/releases","Game Info: https://github.com/BlastSlimey/Archipelago/blob/difficult_climbing/worlds/difficult_climbing/docs/en_A%20Difficult%20Game%20About%20Climbing.md
Setup Guide: https://github.com/BlastSlimey/Archipelago/blob/difficult_climbing/worlds/difficult_climbing/docs/setup_en.md","","","","","",""
"Against the Storm","Stable","https://github.com/Ryguy-9999/ArchipelagoATS/releases","Poptracker: https://github.com/Chfou/ATS-poptracker","","","","","",""
"Air Delivery","Stable","https://github.com/qwint/ap-air-delivery/releases","","","","","","",""
"ANIMAL WELL","Stable","https://github.com/ScipioWright/Archipelago-SW/releases/latest","Setup guide: https://github.com/ScipioWright/Archipelago-SW/blob/animal-well/worlds/animal_well/docs/setup_en.md","","","","","",""
"Anodyne","Stable","APWorld: https://github.com/PixieCatSupreme/ArchipelagoAno/releases
Client: https://github.com/SephDB/AnodyneArchipelagoClient/releases","Game: https://pixiecatsupreme.itch.io/anodyne-sharp","","","","","",""
"Another Crab's Treasure","Stable","https://github.com/Automagic00/ACT-AP-Client-Plugin/releases/latest","Setup instructions: https://github.com/Automagic00/ACT-AP-Client-Plugin?tab=readme-ov-file#another-crabs-treasure-ap-randomizer","","","","","",""
"An Untitled Story","Stable","https://github.com/ThatOneGuy27/Archipelago-aus/releases/latest","","","","","","",""
"Ape Escape","Stable","https://github.com/Thedragon005/Archipelago-Ape-Escape/releases","Tracker: https://github.com/lurch9229/Ape-Escape-Tracker/releases","","","","","",""
"Ape Escape 3","Stable","https://github.com/aidanii24/ae3-archipelago/releases","","","","","","",""
"Astalon: Tears of the Earth","Stable","https://github.com/drtchops/Archipelago-Astalon/releases/latest","Has some issues with bell logic occasionally","","","","","",""
"Autopelago","Stable","https://github.com/airbreather/Autopelago/releases/latest","Like a complicated ArchipIDLE with flavor, goal is to help solo practice by adding slots with automatic players.","","","","","",""
"Axiom Verge","Stable","https://github.com/mail-liam/Archipelago/releases/latest","","","","","","",""
"Balatro","Stable","https://github.com/BurndiL/BalatroAP/releases","Dev branch: https://github.com/SpaD-Overolls/BalatroAP","","","","","",""
"Bomberman Hero","Stable","Check in the future game design channel for the latest apworld","","","","","","",""
"Brotato","Stable","https://github.com/SpenserHaddad/Brotato-ArchipelagoClient/releases","Known bug where the mod works only every other time you launch it for unknown reasons","","","","","",""
"Castlevania: Dawn of Sorrow","Stable","https://github.com/PinkSwitch/Archipelago/releases?q=castlevania:%20dawn%20of%20sorrow&expanded=true","","","","","","",""
"Castlevania: Harmony of Dissonance","Stable","https://github.com/LiquidCat64/LiquidCatipelago/releases?q=CVHoDis&expanded=true","There are two games in the releases, be sure to pick the correct one.","","","","","",""
"Castlevania: Symphony of the Night","Stable","https://github.com/fdelduque/Archipelago/releases","README: https://github.com/fdelduque/Archipelago/blob/main/worlds/sotn/docs/setup_en.md","","","","","",""
"Cavern of Dreams","Stable","APWorld: https://github.com/wu4/Archipelago/releases
Client: https://github.com/wu4/CavernOfDreamsAP/releases","Doesn't work with passwords","","","","","",""
"Cave Story","Stable","https://github.com/kl3cks7r/CaveStoryArchipelago/releases ","Setup: https://discord.com/channels/731205301247803413/1083474864150695956/1325133108827127821 
Old GIthub: https://github.com/kl3cks7r/Archipelago","","","","","",""
"ChecksMate (Chess)","Stable","https://github.com/chesslogic/chessv/releases/latest","","","","","","",""
"Chrono Trigger: Jets of Time","Stable","https://www.wiki.ctjot.com/doku.php?id=multiworld","Recently revamped Item distribution, should interact with other games more frequently.","","","","","",""
"ClusterTruck","Stable","https://github.com/Nullctipus/ArchipelagoClusterTruck/releases/","","","","","","",""
"CornKidz64","Stable","APWorld: https://github.com/Cyb3RGER/cornkidz64_apworld/releases
Client: https://github.com/Cyb3RGER/CornKidzAP/releases","","","","","","",""
"CrossCode","Stable","https://github.com/CodeTriangle/CCMultiworldRandomizer","Beta Testing Discord: https://discord.gg/ZSWfgQdfGr","","","","","",""
"Crystalis","Stable","https://github.com/Ars-Ignis/Archipelago/releases","Docs: https://github.com/Ars-Ignis/Archipelago/blob/crystalis/worlds/crystalis/docs/setup_en.md 
PopTracker: https://github.com/Ars-Ignis/crystalis-randomizer-tracker/releases ","","","","","",""
"Cuphead","Stable","APWorld: https://github.com/JKLeckr/Archipelago-cuphead/releases 
Client: https://github.com/JKLeckr/CupheadArchipelagoMod/releases","In alpha, but considered mostly stable. There are bugs here and there, but overall is consistently playable without major issues","","","","","",""
"A Dance Of Fire And Ice","Stable","APWorld: https://github.com/ClaudeChibout/Archipelago-ADOFAI/releases/ 
Client: https://github.com/ClaudeChibout/ADOFAI_AP-Mod/releases/","","","","","","",""
"Dark Souls II","Stable","https://github.com/WildBunnie/DarkSoulsII-Archipelago","Works for Vanilla and Scholar of the First Sin editions
Setup guide: https://github.com/WildBunnie/DarkSoulsII-Archipelago/blob/main/README.md","","","","","",""
"Deep Rock Galactic","Stable","APWorld: https://github.com/Cousinit117/Deep-Rock-Galactic-AP/releases/latest
Mod: https://mod.io/g/drg/m/test-archipelago-integration","Developer Taz (Cousinit117) & SipcoGamingGuild Please ping for relevant details on AP discord
For more details visit the Deep Rock Galactic future game design channel in the Archipelago Discord","","","","","",""
"Diddy Kong Racing","Stable","https://github.com/zakwiz/DiddyKongRacingAP/releases/latest","Setup Guide: https://github.com/zakwiz/DiddyKongRacingAP/blob/main/worlds/diddy_kong_racing/docs/setup_en.md","","","","","",""
"Dome Keeper","Stable","APWorld: https://github.com/Arrcival/ArchipelagoDK/releases
Client: https://steamcommunity.com/sharedfiles/filedetails/?id=3372889996&searchtext=archipelago","","","","","","",""
"DORONKO WANKO","Stable","https://github.com/Vendily/DoronkoWankoArchipelago/releases","","","","","","",""
"Dragon Warrior","Stable","https://github.com/Serpikmin/Archipelago-DragonWarrior/releases","","","","","","",""
"Duke Nukem 3D","Stable","https://github.com/randomcodegen/NBloodAP/releases","","","","","","",""
"Ender Lilies: Quietus of the Knights","Stable","https://github.com/Trexounay/EnderLilies.Archipelago/releases/latest","LiveSplit Mod: https://github.com/Trexounay/EnderLilies.Randomizer/releases
Discord: https://discord.gg/F4kg63Jbsy","","","","","",""
"Final Fantasy 6 Worlds Collide","Stable","https://docs.google.com/document/d/1ZN-eO3ZasTEAReGCRP7l9tgI-kEh0GG4gJxVv7JOlyk","","","","","","",""
"Final Fantasy XII: Open World","Stable","https://github.com/Bartz24/Archipelago/releases","Playable, Stable, Active Community","","","","","",""
"Final Fantasy XII: Trial Mode","Stable","https://github.com/silasary/archipelago/releases","Playable, occasionally softlocks so save often","","","","","",""
"Final Fantasy Tactics Advance","Stable","https://github.com/spicynun/Archipelago/releases/latest","","","","","","",""
"Final Fantasy Tactics A2: Grimoire of the Rift","Stable","https://github.com/Rurusachi/Archipelago/releases","Playable, occasionally hardlocks so save often","","","","","",""
"Fire Emblem: The Sacred Stones","Stable","https://github.com/CT075/Archipelago/releases/latest","","","","","","",""
"FNAF World","Stable","Check the future game design channel for the latest apworld and mod","","","","","","",""
"Frogmonster","Stable","https://github.com/Rooby-Roo/FrogmonsterAPWorld","Info and Setup: https://github.com/Rooby-Roo/FrogmonsterAPWorld","","","","","",""
"Garfield Kart: Furious Racing","Stable","APWorld: https://github.com/FeluciaPS/archipelago/releases
Client: https://github.com/robotzurg/GarfieldKartAPMod/releases","All core features are implemented, future versions will focus on polish, filler, traps, and QOL.
Client mod is also available through thunderstore. Latest v0.4.X mod is always compatible with every v0.4.X apworld.","","","","","",""
"Getting Over It with Bennett Foddy","Stable","https://github.com/BlastSlimey/CheckingOverIt/releases","Game info and setup: https://github.com/BlastSlimey/Archipelago/tree/getting_over_it/worlds/getting_over_it/docs","","","","","",""
"Golden Sun: The Lost Age","Stable","https://github.com/cjmang/Archipelago/releases","","","","","","",""
"Grim Dawn","Stable","APWorld: https://github.com/routhken/Archipelago/releases
Client: https://www.nexusmods.com/grimdawn/mods/167/"," ","","","","","",""
"The Guardian Legend","Stable","https://github.com/CoreZer0/TheGuardianLegend-AP/releases","Not allowed on the main discord due to no content rating and no re-release. Thread is in the After Dark discord","","","","","",""
"Guild Wars 2","Stable","https://github.com/Feldar99/Archipelago/releases ","Complex setup, apworld is in the Gw2ArchipelagoBinaries.zip","","","","","",""
"GZDoom","Stable","https://github.com/toxicfrog/doom-mods/releases","Supports a wide selection of wads and gameplay mods; ""how much the host should worry"" depends somewhat on what wad is selected
Setup: https://github.com/ToxicFrog/doom-mods/blob/main/gzap/doc/gzdoom_newplayers.md","","","","","",""
"Hammerwatch","Stable","APWorld: https://github.com/Parcosmic/Hammerwatch-Archipelago/releases/latest
Client: https://github.com/Parcosmic/Hammerwatch-Archipelago-Mod-Installer/releases","","","","","","",""
"Hatsune Miku: Project Diva Megamix+","Stable","https://github.com/Cynichill/DivaAPworld/releases"," ","","","","","",""
"Here Comes Niko!","Stable","APWorld: https://github.com/niieli/Niko-Archipelago/releases/latest
Client: https://github.com/niieli/NikoArchipelagoMod?tab=readme-ov-file","","","","","","",""
"Hollow Knight - Beta APWorld","Stable","https://github.com/qwint/Archipelago/releases/latest","Many logic updates, Tuk egg randomized, alternate start locations, Shriek Pogos and Slope Ball options, very long gen times","","","","","",""
"Iji","Stable","https://github.com/Minish-Link/Iji-Archipelago/releases","Just had its v1.2.0 release","","","","","",""
"Into the Breach","Stable","https://github.com/Ishigh1/ITB-randomizer-for-AP/releases/latest","Setup Guide: https://github.com/Ishigh1/Archipelago/blob/into-the-breach/worlds/into_the_breach/docs/setup_en.md","","","","","",""
"Isles of Sea and Sky","Stable","https://github.com/Kim-Delicious/Archipelago_IslesOfSeaAndSky/releases","","","","","","",""
"Ittle Dew 2+","Stable","https://github.com/Extra-2-Dew/ArchipelagoRandomizer/releases/latest","Setup Guide: https://github.com/Extra-2-Dew/ArchipelagoRandomizer?tab=readme-ov-file#archipelago-randomizer-for-ittle-dew-2","","","","","",""
"Jigsaw Puzzle for Archipelago","Stable","APWorld: https://github.com/spineraks-org/ArchipelagoJigsaw/releases/latest
Client: https://jigsaw-ap.netlify.app/","","","","","","",""
"Kabuto Park (Demo)","Stable","Check pins in the future game design channel for the latest APWorld","","","","","","",""
"Keep Talking and Nobody Explodes","Stable","https://github.com/GreenPower713/Archipelago/releases","Windows and MacOS only for the time being.","","","","","",""
"Kindergarten 2","Stable","https://github.com/agilbert1412/Archipelagarten/releases","18+, so not allowed on the main discord. Discord thread for reporting bugs is in the After Dark discord","","","","","",""
"Kingdom Hearts: Birth by Sleep Final Mix","Stable","https://github.com/gaithernOrg/ArchipelagoKHBBS/releases/latest","","","","","","",""
"Kingdom Hearts: Chain of Memories (GBA)","Stable","https://github.com/gaithernOrg/ArchipelagoKHCOM/releases/latest","","","","","","",""
"Kingdom Hearts: RE Chain of Memories","Stable","https://github.com/gaithernOrg/ArchipelagoKHRECOM/releases/latest","https://github.com/ArchipelagoMW/Archipelago/pull/3819","","","","","",""
"Kirby 64 - The Crystal Shards","Stable","https://github.com/Silvris/Archipelago/releases?q=kirby+64&expanded=true","","","","","","",""
"Kirby Super Star","Stable","https://github.com/Silvris/Archipelago/releases?q=Kirby+Super+Star&expanded=true","Multiple games in the releases","","","","","",""
"K-On! After School Live!!","Stable","https://github.com/dannybonz/k-on_archipelago/releases/latest","Setup Guide: https://github.com/dannybonz/k-on_archipelago/blob/main/docs/setup.md","","","","","",""
"League of Legends","Stable","https://github.com/gaithernOrg/LoLAP/releases","Read the instructions given in the GitHub and future game design channel to set up","","","","","",""
"The Legend of Zelda: A Link Between Worlds","Stable","https://github.com/randomsalience/albw-archipelago/releases/latest","Setup guide: https://github.com/Legendgreat/setting-up-albw-ap/blob/main/README.md","","","","","",""
"The Legend of Zelda: The Minish Cap","Stable","https://github.com/eternalcode0/Archipelago/releases","Game info: https://github.com/eternalcode0/Archipelago/blob/feat/new-game-minish-cap/worlds/tmc/docs/en_The%20Minish%20Cap.md
Setup guide: https://github.com/eternalcode0/Archipelago/blob/feat/new-game-minish-cap/worlds/tmc/docs/setup_en.md","","","","","",""
"The Legend of Zelda: Ocarina of Time - Ship of Harkinian","Stable","https://github.com/HarbourMasters/Archipelago-SoH/releases/latest","Setup guide: https://github.com/HarbourMasters/Archipelago-SoH/blob/oot-soh/worlds/oot_soh/docs/guide_en.md","","","","","",""
"The Legend of Zelda: Oracle of Seasons","Stable","https://github.com/Dinopony/Archipelago/releases/latest","","","","","","",""
"The Legend of Zelda: Phantom Hourglass","Stable","https://github.com/carrotinator/Archipelago/releases/","","","","","","",""
"The Legend of Zelda: Twilight Princess","Stable","https://github.com/WritingHusky/Twilight_Princess_apworld/releases","Generally stable, current limitations on amount of options that can be changed. Requires US version of the game for auto-release.","","","","","",""
"The Legend of Zelda: Skyward Sword","Stable","https://github.com/Battlecats59/SS_APWorld/releases/latest","Setup Guide: https://github.com/Battlecats59/SSArchipelago/blob/ss/worlds/ss/docs/setup_en.md 
Requires the SSR AP Patcher: https://nightly.link/Battlecats59/sslib/workflows/build.yaml/archipelago","","","","","",""
"Lego Star Wars: The Complete Saga","Stable","https://github.com/Mysteryem/Archipelago-TCS/releases","Setup Guide: https://github.com/Mysteryem/Archipelago-TCS/blob/main/lego_star_wars_tcs/docs/setup_en.md","","","","","",""
"Lil Gator Game","Stable","APWorld: https://github.com/natronium/GatorArchipelago/releases/latest
Client: https://github.com/natronium/GatorRando/releases/latest","","","","","","",""
"Lingo 2","Stable","https://code.fourisland.com/lingo2-archipelago/about/","","","","","","",""
"Little Witch Nobeta","Stable","https://github.com/danielgruethling/RandomizedWitchNobeta/releases/latest","","","","","","",""
"Luigi's Mansion","Stable","https://github.com/BootsinSoots/Archipelago/releases/latest","Setup Guide: https://github.com/BootsinSoots/Archipelago/blob/Luigi's-Mansion-AP/worlds/luigismansion/docs/setup_en.md","","","","","",""
"Lunacid","Stable","https://github.com/Witchybun/LunacidAPClient/releases","","","","","","",""
"Mario is Missing (SNES)","Stable","Check the future game design channel for the latest apworld","","","","","","",""
"Mario Kart: Double Dash","Stable","https://github.com/aXu-AP/archipelago-double-dash/releases","","","","","","",""
"MetroCUBEvania","Stable","https://github.com/ap-metrocubevania/ap-metrocubevania/releases/latest","","","","","","",""
"Metroid Fusion","Stable","https://github.com/Rosalie-A/Archipelago/releases?q=metroid+fusion&expanded=true","Potential logic issues with Open Sectors and randomized sector connections, but very stable otherwise","","","","","",""
"Metroid: Zero Mission","Stable","https://github.com/lilDavid/Archipelago-Metroid-Zero-Mission/releases","Check future game design pins for tracker and known issues","","","","","",""
"Minishoot Adventures","Stable","https://github.com/TheNooodle/MinishootRandomizer/releases/latest","","","","","","",""
"Minit","Stable","https://github.com/qwint/APMinit/releases/latest","It's important that you read the instructions on the GitHub page to ensure all requirements are met.","","","","","",""
"Momodora: Moonlit Farewell","Stable","https://github.com/alditoOt/Momodora-Moonlit-Farewell-Randomizer/releases/latest","","","","","","",""
"Monster Sanctuary","Stable","https://github.com/Gtaray/archipelago-monstersanctuary/releases/latest","Check the pins in the future game design channel for an updated apworld and instructions.","","","","","",""
"Nine Sols","Stable","https://github.com/Ixrec/NineSolsArchipelagoRandomizer/releases/latest","","","","","","",""
"Ori and the Blind Forest","Stable","APWorld: https://github.com/c-ostic/Archipelago/releases/latest 
Client: https://github.com/c-ostic/OriBFArchipelago/releases/latest","A few known bugs, listed in Github Issues page for client","","","","","",""
"Ori and the Will of the Wisps","Stable","https://github.com/Satisha10/APwotw_release/releases/latest","Setup guide: https://github.com/Satisha10/APwotw_release 
Has occasional generation issues","","","","","",""
"osu!","Stable","https://github.com/lilymnky-F/Archipelago-Osu/releases/latest","Setup Guide: https://discord.com/channels/731205301247803413/1195040661171355730/1220286358472622140","","","","","",""
"Oxygen Not Included","Stable","https://github.com/ShadowKitty42/ONI-Archipelago/releases/latest","Please read the top post in the discord thread for setup instructions, links, and troubleshooting: https://discord.com/channels/731205301247803413/1446597534847074416","","","","","",""
"Paper Mario 64","Stable","https://github.com/JKBSunshine/PMR_APWorld/releases/latest","Playable alpha v0.4.4, very stable with an assortment of randomization options.
Tracker: https://github.com/Phantom5800/pmr-emotracker/releases/latest","","","","","",""
"Paper Mario: The Thousand Year Door","Stable","https://github.com/jamesbrq/ArchipelagoTTYD/releases","Setup Guide: https://github.com/jamesbrq/ArchipelagoTTYD/blob/main/docs/setup_en.md
Tracker: https://github.com/ZobeePlays/TTYD-Randomizer-AP-Tracker/tree/main","","","","","",""
"Parkitect","Stable","APWorld: https://github.com/CrusherRL/AP_Parkitect_World
Client: https://github.com/CrusherRL/AP_Parkitect","","","","","","",""
"Pizza Tower","Stable","APWorld: https://github.com/unsafetyskizzers/Archipelago/releases/latest/
Client: https://gamebanana.com/mods/598236","","","","","","",""
"Placid Plastic Duck Simulator","Stable","https://github.com/SWCreeperKing/PPDSArchipelago/releases","","","","","","",""
"Plateup!","Stable","APWorld: https://github.com/CazIsABoi/Archipelago/releases
Client: https://steamcommunity.com/sharedfiles/filedetails/?id=3484431423","Setup Guide: https://github.com/CazIsABoi/PlateUpAPMod/blob/main/Setup.md
How the mod works and what the options do: https://docs.google.com/document/d/1H_T82UsZbHI4CbvfHWnud8xZqhXH5XWc_sZkax1I8YY/edit?hl=sv&tab=t.0","","","","","",""
"Pokemon Fire Red and Leaf Green","Stable","https://github.com/vyneras/Archipelago/releases/latest","Tracker: https://github.com/vyneras/pokemon-frlg-tracker/releases/latest","","","","","",""
"Pokémon Mystery Dungeon: Explorers of Sky","Stable","https://github.com/CrypticMonkey33/ArchipelagoExplorersOfSky/releases","Setup Guide: https://github.com/CrypticMonkey33/ArchipelagoExplorersOfSky/blob/main/worlds/pmd_eos/docs/setup_en.md
Top screen tracker is prone to causing memory leaks that crash the game and send out items or even goal. Avoid using it longer than necessary.","","","","","",""
"Prodigal","Stable","https://github.com/randomsalience/ProdigalArchipelago/releases/latest","","","","","","",""
"Pseudoregalia","Stable","https://github.com/qwint/pseudoregalia-archipelago/releases/latest","","","","","","",""
"Rabi-Ribi","Stable","https://github.com/tdkollins/Archipelago-Rabi-Ribi/releases","","","","","","",""
"Rain World","Stable","https://github.com/alphappy/ArchipelagoRW/releases","","","","","","",""
"Ratchet & Clank 2: Going Commando","Stable","https://github.com/evilwb/APRac2/releases","Tracker: https://github.com/cloudofdarkhole6/RaC2-poptracker/releases","","","","","",""
"Reventure","Stable","https://github.com/Droppel/ReventureEndingRando","Tracker: https://github.com/fhnnhf/reventure_tracker/releases","","","","","",""
"Rift of the Necrodancer","Stable","https://github.com/studkid/RiftArchipelago/releases/latest","","","","","","",""
"Rift Wizard","Stable","APWorld: https://github.com/TheBigSalarius/Archipelago/releases
Client: https://github.com/TheBigSalarius/RiftWizardArchipelagoMod/releases","Setup Documention: https://github.com/TheBigSalarius/Archipelago/blob/main/worlds/riftwizard/docs/rift-wizard_en.md","","","","","",""
"Rusted Moss","Stable","https://github.com/dgrossmann144/Archipelago/releases/latest","","","","","","",""
"Sentinels of the Multiverse","Stable","https://github.com/Totox00/Archipelago-sotm/releases  
https://github.com/Totox00/ap-sotm-client/tree/dedicated-apworld ","Setup Guide: https://github.com/Totox00/Archipelago-sotm/blob/main/worlds/sotm/docs/setup_en.md","","","","","",""
"Shadow the Hedgehog","Stable","https://github.com/choatix/Archipelago/releases/latest","","","","","","",""
"Simon Tatham's Portable Puzzle Collection","Stable","APWorld: https://github.com/ishanpm/ap-sgtpuzzles-web/releases
Client: https://ishanpm.github.io/ap-sgtpuzzles-web/","Some customization options are still being added, but it's stable and feature-complete as far as checks go.","","","","","",""
"The Simpsons: Hit & Run","Stable","APWorld: https://github.com/nmize1/Archipelago/releases
Client: https://github.com/nmize1/AP-SHARRandomizer/releases/","https://github.com/nmize1/Archipelago/blob/main/worlds/simpsonshitnrun/docs/setup_en.md","","","","","",""
"The Sims 4","Stable","https://github.com/Simsipelago/Archipelago/releases/latest","Setup Guide: https://github.com/itsmisscactus/Archipelago/blob/main/worlds/sims4/docs/setup_en.md","","","","","",""
"Sly Cooper and the Thievius Raccoonus","Stable","https://github.com/hoppel16/ArchipelagoBranchSly1/releases/latest","","","","","","",""
"Sly 2: Band of Thieves","Stable","https://github.com/NikolajDanger/APSly2/releases","","","","","","",""
"Sonic the Hedgehog","Stable","https://github.com/kaithar/Archipelago/releases/latest","Setup Guide: https://github.com/kaithar/Archipelago/blob/sonic1/worlds/sonic1/docs/setup_en.md","","","","","",""
"Sonic Adventure DX","Stable","https://github.com/ClassicSpeed/sadx-classic-randomizer/releases/latest","Setup Guide: https://github.com/ClassicSpeed/Archipelago/blob/sadx_initial_version/worlds/sadx/docs/setup_en.md","","","","","",""
"Sonic Heroes","Stable","https://github.com/Ethicallogic-Archipelago/SonicHeroesArchipelago/releases","","","","","","",""
"Sonic Riders","Stable","https://github.com/Ninjakakes/Archipelago/releases?q=Sonic+Riders&expanded=true","Setup guide is in https://discord.com/channels/731205301247803413/1292128680046235739C:\ProgramData\Archipelago","","","","","",""
"Sonic Rush","Stable","https://github.com/BlastSlimey/SonicRushAP/releases","Setup Guide: https://github.com/BlastSlimey/Archipelago/blob/sonic_rush/worlds/sonic_rush/docs/setup_en.md ","","","","","",""
"SoulBlazer","Stable","https://github.com/Tranquilite0/Archipelago/releases/latest","","","","","","",""
"Spelunker","Stable","Check the future game design channel for the latest setup instructions","https://github.com/ArchipelagoMW/Archipelago/pull/3282","","","","","",""
"Spinball","Stable","APWorld: https://github.com/spineraks-org/ArchipelagoSpinball/releases/latest
Client: https://spineraks-pinball.netlify.app/","","","","","","",""
"Spyro 2: Ripto's Rage","Stable","https://github.com/Uroogla/S2AP/releases","","","","","","",""
"Spyro 3: Year of the Dragon","Stable","https://github.com/Uroogla/S3AP/releases","","","","","","",""
"Stacklands","Stable","https://github.com/JammyGeeza/Stacklands-Randomizer/releases/latest","Playable and currently considered stable for vanilla boards (Mainland, Forest and Island) - requires manual goal trigger (but won't allow goal to be sent if not yet reached)","","","","","",""
"Star Fox 64","Stable","https://github.com/Auztin/AP-Star-Fox-64/releases","","","","","","",""
"Star Wars: Episode 1 Racer","Stable","APWorld: https://github.com/wcolding/SWR_apworld/releases
Client: https://github.com/wcolding/SWR_AP_Client/releases","Setup Guide: https://github.com/wcolding/SWR_apworld/blob/main/README.md","","","","","",""
"Super Cat Planet","Stable","https://github.com/lone01/scp/releases","","","","","","",""
"Super Junkoid","Stable","Check the future game design channel for the latest apworld and mod","","","","","","",""
"System Shock 2","Stable","https://codeberg.org/Partatio/SS2-Apworld","","","","","","",""
"TCG Card Shop Simulator","Stable","https://github.com/FyreDay/Archipelago-TCGCardShopSimulator/releases/latest/","","","","","","",""
"Tetris Attack","Stable","https://github.com/AgStarRay/TetrisAttackAP/releases/latest","","","","","","",""
"Tevi","Stable","APWorld: https://github.com/BlackSoulKnight/Tevi_Archipelago/releases
Client: https://github.com/BlackSoulKnight/Tevi_Randomizer/releases","","","","","","",""
"Toejam & Earl","Stable","https://github.com/IgnisUmbrae/TJE-Archipelago/releases/latest","Playable and completable with lots of extra features. Does not currently support async.
Requires REV 02 ROM (e.g. from Steam version).","","","","","",""
"TOEM: A Photo Adventure","Stable","https://github.com/bbernardoni/Archipelago.TOEM/releases/latest","Setup Guide: https://github.com/bbernardoni/Archipelago/blob/toem/worlds/toem/docs/setup_en.md","","","","","",""
"Touhou Youyoumu ~ Perfect Cherry Blossom","Stable","https://github.com/Nepley/pcb-apworld/releases","Unrated, see the After Dark Discord for the game's channel.","","","","","",""
"Turnip Boy Commits Tax Evasion","Stable","https://github.com/pointfivetee/TurnipBoyRandomizer/releases","","","","","","",""
"Tyrian / Tyrian 2000","Stable","https://github.com/KScl/TyrianArchipelago/releases/latest","Free on GOG: https://www.gog.com/en/game/tyrian_2000 
Setup guide: https://github.com/KScl/TyrianAPWorld/blob/main/docs/setup_en.md","","","","","",""
"Ty The Tasmanian Tiger HD Remaster (PC)","Stable","APWorld: https://github.com/xMcacutt/Archipelago-TyTheTasmanianTiger/releases/latest 
Client: https://github.com/xMcacutt/Ty1AP-Client","Poptracker: https://github.com/FyreDay/Ty1-Poptracker/releases","","","","","",""
"Vampire Survivors","Stable","https://github.com/SWCreeperKing/ArchipelagoSurvivors/releases/","","","","","","",""
"Wario Land 1","Stable","https://github.com/randomcodegen/Archipelago/releases","","","","","","",""
"Watery Words","Stable","https://github.com/spineraks-org/ArchipelagoWateryWords/releases","","","","","","",""
"Wordipelago","Stable","APWorld: https://github.com/ProfDeCube/Archipelago/releases/
Client: https://apworlds.com/wordipelago","Often a slow starter, but gets rolling reasonably well","","","","","",""
"XCOM 2: War of the Chosen","Stable","https://github.com/MaxReinstadler/X2WOTCArchipelago/releases","Roughly 15-20h campaign with default settings, potentially much shorter with alternate goals.","","","","","",""
"Yooka-Laylee","Stable","https://github.com/Awareqwx/Archipelago/releases/latest","Check the future game design channel to see if there's a newer version","","","","","",""
"Yu-Gi-Oh! Dungeon Dice Monsters","Stable","https://github.com/JustinMarshall98/Archipelago/releases","","","","","","",""
"Yu-Gi-Oh! Forbidden Memories","Stable","https://github.com/sg4e/Archipelago/releases/latest","Tracker: https://github.com/sg4e/FMArchipelagoTracker/releases/latest","","","","","",""
"Zelda 2: The Adventure of Link ","Stable","https://github.com/PinkSwitch/Archipelago/releases?q=zelda&expanded=true","","","","","","",""
"ActRaiser","Stable","Check the future game design channel for the latest apworld","","","","","","",""
"Archipeladoku (Sudoku)","Unstable","APWorld: https://galdiuz.github.io/archipeladoku/archipeladoku.apworld 
Client: https://galdiuz.github.io/archipeladoku/","Not the hint game, an actual game with checks","","","","","",""
"Archipela-Go!","Unstable","https://github.com/aki665/react-native-archipelago/releases","Meta AP where you have to walk around in the real world to get checks.","","","","","",""
"Armored Core (PSX)","Unstable","https://github.com/JustinMarshall98/Armored-Core-PSX-Archipelago/releases","Playable! A bit feature light currently - Setup Guide: https://github.com/JustinMarshall98/Armored-Core-PSX-Archipelago/tree/main/docs","","","","","",""
"A Robot Named Fight!","Unstable","Check the future game design channel for the latest apworld","","","","","","",""
"Baldur's Gate 3","Unstable","APWorld: https://github.com/zane31415/ArchipelagoBG3/releases 
Client: https://github.com/zane31415/BG3ArchipelagoMod/releases","See After Dark discord server for discussion channel","","","","","",""
"The Binding of Isaac: Repentance","Unstable","Releases · Cyb3RGER/TBoI-AP-Mod","This version only receieves in-game pedestal items and gives checks upon picking up any pedestal items in any run or defeating bosses
Setup Guide: https://github.com/Cyb3RGER/Archipelago/blob/main/worlds/tboir/docs/setup_en.md","","","","","",""
"The Binding of Isaac: Repentance (Progression Lock)","Unstable","APWorld: https://github.com/NaveTK/Archipelago/releases/ 
Client: https://github.com/NaveTK/the-archipelago-of-isaac/releases ","This version locks access and each available item room classification can only be checked once per floor
Setup Guide: https://github.com/NaveTK/Archipelago/blob/main/worlds/tboir/docs/setup_en.md","","","","","",""
"Blasphemous 2","Unstable","https://discord.com/channels/731205301247803413/1399145913649467524/1399146057794981948","","","","","","",""
"Bloons Tower Defense 6","Unstable","Check the future game design channel for the latest apworld","First version only includes map randomizer, other features to come.
Setup Instructions: https://github.com/GamingInfinite/BloonsArchipelago?tab=readme-ov-file#setup","","","","","",""
"Bomberman 64","Unstable","https://github.com/Happyhappyism/Archipelago/releases?q=%22Bomberman+64+AP%22&expanded=true","","","","","","",""
"Bomberman 64: The Second Attack","Unstable","https://github.com/Happyhappyism/Archipelago/releases?q=Second+Attack&expanded=true","","","","","","",""
"Bomberman Quest","Unstable","https://github.com/Happyhappyism/Archipelago/releases?q=Bomberman+Quest&expanded=true","","","","","","",""
"Borderlands 2","Unstable","https://github.com/EdricY/Bouncy-Loot-God/releases","No logic, read the release notes carefully for issues (Logic has been added in v0.4, read release notes)","","","","","",""
"Brave Fencer Musashi","Unstable","https://github.com/AegeusEvander/Brave-Fencer-Musashi-AP-World/releases","Early alpha, playable, shuffles Binchos and Minkus
Setup Guide: https://github.com/AegeusEvander/Brave-Fencer-Musashi-AP-World/blob/main/docs/setup_en.md","","","","","",""
"Buckshot Roulette","Unstable","https://github.com/asdfwyay/APBuckshot/releases","Likely stable, but testers needed","","","","","",""
"Cassette Beasts","Unstable","https://github.com/sitskin/apCassetteBeasts/releases","Mod Utils from Steam Workshop needed","","","","","",""
"Castlevania: Legacy of Darkness","Unstable","https://github.com/LiquidCat64/LiquidCatipelago/releases","Only Castle Wall and Villa at the moment.","","","","","",""
"Casualties: Unknown (Scav Prototype Demo)","Unstable","https://github.com/Nichologeam/CUAP/releases/","See the After Dark discord for the game's channel, may not be allowed into main until further approval","","","","","",""
"Cat Quest","Unstable","https://github.com/Nikkilites/Archipelago-CatQuest/releases","Early alpha with no settings yet, but it is playable. May contain logic errors","","","","","",""
"Caves of Qud","Unstable","https://github.com/lonesurv1vor/CavesOfQudArchipelagoRandomizer/releases/latest","Setup Guide: https://github.com/lonesurv1vor/CavesOfQudArchipelagoRandomizer?tab=readme-ov-file#installation-and-creating-a-game 
Early alpha - might contain logic and gameplay bugs, but should be fairly playable now ","","","","","",""
"Celeste","Unstable","See it's channel in the Custom section on the discord","Has some generation issues. This is not the Open World one.","","","","","",""
"Chained Echoes","Unstable","APWorld: https://github.com/Samupo/ChainedEchoesAPWorld/releases
Client: https://github.com/Samupo/ChainedEchoesRandomizer/releases","","","","","","",""
"Citadel (Luanti)","Unstable","https://content.luanti.org/packages/Warr1024/citadel_archipelago/","","","","","","",""
"Civilization V","Unstable","https://github.com/battary/Civ-V-AP-World/releases/","This is the old version that only shuffles Technologies, a new one by a different dev is being worked on that is yet to release","","","","","",""
"Clair Obscur Expedition 33","Unstable","APWorld: https://github.com/Demorck/ClairObscur_APWorld/releases 
Client: https://github.com/Demorck/ClairObscurArchipelagoRandomizer/releases ","Not allowed on the main discord due to 18+ age rating. See the After Dark discord for the game's thread.
Tracker: https://github.com/Demorck/ClairObscur-Archipelago-Poptracker","","","","","",""
"corru.observer","Unstable","https://github.com/Adrthegamedev/ArchipelagoCorruObserver/releases","View Setup Guide for instructions","","","","","",""
"CrosswordAP","Unstable","https://github.com/densebamboo/CrosswordAP/releases","Game currently has no logic","","","","","",""
"Cookie Clicker","Unstable","https://github.com/Simik1997/AP_CookieClicker/releases/","Always fails to generate if you set the goal achievement count higher than 19","","","","","",""
"Custom Robo","Unstable","https://github.com/Metaruler/ArchipelagoCR/releases","Setup Guide on GitHub","","","","","",""
"Crypt of the NecroDancer","Unstable","https://github.com/lastingParadox/Archipelago-CotND/releases","Playable, but in an alpha state. Could be buggy!","","","","","",""
"Dark Cloud 1","Unstable","https://github.com/Lizardman175/DC1AP/releases","All dungeons georama are now shuffled, still need to shuffle chests","","","","","",""
"Dark Cloud 2","Unstable","https://github.com/ArsonAssassin/DC2AP/releases","","","","","","",""
"Dark Souls Remastered","Unstable","https://github.com/ArsonAssassin/DSAP/releases","Setup guide: https://discord.com/channels/731205301247803413/1367143578576621670/1367144033025003521
Tracker: https://github.com/routhken/Dark_Souls_Remastered_tracker/releases
0.0.20 is playable but may need admins to send items/locations.","","","","","",""
"Death's Door","Unstable","APWorld: https://github.com/roseasromeo/DeathsDoorAPWorld/releases/latest
Client: https://github.com/Chris-Is-Awesome/DDArchipelagoRandomizer/releases","Fully playable with multiple goals. Entrance and enemy randos are being worked on","","","","","",""
"Delivering Hope","Unstable","https://github.com/StellatedCUBE/Delivering-Hope-Archipelago/releases/latest","Setup Guide: https://archipelago.shinten.moe/games/Delivering%20Hope/setup_en.html 
YAML Creator: https://archipelago.shinten.moe/games/Delivering%20Hope/player-options.html","","","","","",""
"DELTARUNE","Unstable","Check the future game design channel in the discord for the most recent apworlds.","Only up to Chapter 2. Chapters 3 and 4 are being worked on.","","","","","",""
"Devil May Cry 3 (Special Edition)","Unstable","APWorld: https://discord.com/channels/731205301247803413/1255822049163612271/1411968276870729850 
Client Mod: https://github.com/AshIndigo/DMC3ArchipelagoClient/releases/","","","","","","",""
"Digimon World 1","Unstable","https://github.com/ArsonAssassin/DWAP/releases","Very early alpha, expect bugs, crashes, UI issues, etc.
Tracker: https://github.com/ArsonAssassin/DigimonWorldAPTracker/releases 
Setup Guide: github.com/ArsonAssassin/Archipelago.Core/wiki/How-to-start-playing-a-game-using-this-library ","","","","","",""
"Donkey Kong 64","Unstable","https://github.com/2dos/DK64-Randomizer-Release/releases","Stable in multiworlds, may have difficulty generating solo.
Consult the DK64 rando discord for support and the most up-to-date information: https://discord.dk64randomizer.com/
Setup guide: https://github.com/2dos/DK64-Randomizer/wiki/Archipelago-Master-Setup-Guide","","","","","",""
"Donkey Kong Country (Mirrored)","Unstable","https://github.com/TheLX5/Archipelago/releases?q=yrtnuoC&expanded=true","Based on rainbowsprinklez and vervalkon's DKC Mirrored hack 
Early alpha, read the notes in the release for current issues","","","","","",""
"Dredge","Unstable","APWorld: https://github.com/alextric234/ArchipelagoDredge/releases
Client: https://dredgemods.com/mods/archipelago_dredge/ ","Setup Guide","","","","","",""
"Dungeon Clawler","Unstable","https://github.com/agilbert1412/Clawrchipelago/releases","Requires downpatching","","","","","",""
"Dyson Sphere Program","Unstable","APWorld: https://github.com/FHAUKEM/Archipelago-DSP/releases
Client: Github / Thunderstore","","","","","","",""
"The Elder Scrolls IV: Oblivion Remastered","Unstable","APWorld: https://github.com/POD-io/Oblivion-ArchipelagoWorld/releases
Client: https://github.com/POD-io/Oblivion-ArchipelagoMod/releases","Not allowed in main discord. See the After Dark Discord for the game's channel.","","","","","",""
"Enter the Gungeon","Unstable","APWorld: https://github.com/MaoBoulve/ArchipelaGunAPWorld/releases
Client: https://thunderstore.io/c/enter-the-gungeon/p/MaoBoulve/ArchipelaGun_Multiworld_Randomizer/","","","","","","",""
"Everhood 2","Unstable","https://github.com/DeamonHunter/ArchipelagoEverhood2/releases/","","","","","","",""
"Factorio - Space Age Without Space","Unstable","https://discord.com/channels/731205301247803413/1311946326040383589","Mod used: https://mods.factorio.com/mod/SpaceAgeWithoutSpace","","","","","",""
"Factorio w/ Bob's Mods","Unstable","https://github.com/Osiris32-and-a-half/BobFactorioAP/releases/","List of required mods in the future game design thread","","","","","",""
"Fez","Unstable","https://github.com/nhyldmar/fez-ap/releases/latest","Setup guide in README.md. Known bugs and workarounds in the bug tracker: FEZ AP Bug Tracker","","","","","",""
"Final Fantasy 1: Pixel Remaster","Unstable","https://github.com/wildham0/FF1PRAP/releases","","","","","","",""
"Final Fantasy XIII - Lightning Returns","Unstable","https://github.com/Bartz24/ArchipelagoLR/releases","","","","","","",""
"The Forged Curse","Unstable","https://github.com/cheesepak/ap-forged-curse/releases/latest","Currently looking for playtesting and feedback","","","","","",""
"Freddy Fazbear's Pizzeria Simulator","Unstable","Check the future game design channel for the latest apworld and mod","","","","","","",""
"Freedom Planet 2","Unstable","https://github.com/Knuxfan24/Freedom-Planet-2-Archipelago/releases","No longer requires Manual! Setup Instructions in the Readme.md","","","","","",""
"Friday Night Funkin'","Unstable","https://github.com/Z11Coding/Mixtape-Engine-Rework/releases","Playable but is alpha, so expect some bugs, also......LOTS of errors","","","","","",""
"The Grinch","Unstable","https://github.com/MarioSpore/Grinch-AP/releases/","May actually be Stable, testing and confirmation needed","","","","","",""
"Hacknet","Unstable","APWorld: https://github.com/AutumnRivers/Archipelago-Hacknet/releases/
Client: https://github.com/AutumnRivers/HacknetAP/releases/","PointClicker checks don't work properly (but are still obtainable), RAM limits don't apply properly, and some missions do not send checks. 
The latter two issues can be addressed by save reloading, though - allowing the world to be beatable.
One of the checks might not be obtainable because of the vanilla game's weird requirements to spawn the mission.","","","","","",""
"HASTE: Broken Worlds","Unstable","APWorld: https://github.com/WritingHusky/haste_apworld/releases
Client: https://steamcommunity.com/sharedfiles/filedetails/?id=3462307025","","","","","","",""
"Hero Core","Unstable","https://github.com/Minish-Link/HeroCore-Archipelago/releases","","","","","","",""
"Hi-Fi Rush","Unstable","https://github.com/TRPG0/HbkArchipelago/releases/latest","","","","","","",""
"HITMAN: World of Assassination","Unstable","https://github.com/BenDipp/Archipelago/releases","Not allowed on the main discord due to 18+ age rating. See the After Dark discord for the game's thread.","","","","","",""
"holo8","Unstable","https://github.com/KitLemonfoot/ArchipelagoHolo8/releases/","","","","","","",""
"Hololive Treasure Mountain","Unstable","https://github.com/StellatedCUBE/Treasure-Mountain-Archipelago/releases","Setup Guide: https://archipelago.shinten.moe/games/Hololive%20Treasure%20Mountain/setup_en.html
Options Page: https://archipelago.shinten.moe/games/Hololive%20Treasure%20Mountain/player-options.html","","","","","",""
"Huniecam Studio","Unstable","https://github.com/DotsofdarknessArchipelago/Hunie-Cam-Studio-Archipelago/releases","Not allowed on the main discord due to 18+ age rating. See the After Dark discord for the game's channel.","","","","","",""
"HyperRogue","Unstable","https://github.com/rajanb/HyperRogueAP/releases","Only treasure randomized, 10 hyperstones for goal
Dev of linked build stopped devving and allowed a different dev to create a newer bigger implementation","","","","","",""
"I Was A Teenage Exocolonist","Unstable","https://github.com/pamymaf/Exocolonist-AP/releases","Requires Exoloader","","","","","",""
"Jet Island","Unstable","https://github.com/Nullctipus/JetIslandArchipelago/releases/latest","Early Development but playable","","","","","",""
"Junko","Unstable","https://github.com/Ninjakakes/Archipelago/releases/","Not allowed on Main due to being Unrated, see After Dark for the game's thread","","","","","",""
"KeyWe","Unstable","APWorld: https://github.com/xMcacutt/Archipelago-KeyWe/releases
Client: https://github.com/xMcacutt/KeyWe-AP-Client/releases","","","","","","",""
"Kingdom Hearts 358/2 Days","Unstable","Check pins in the future game design channel for the latest apworld","Almost completely broken. Goal does not send and shop checks are not accessible, requiring the host to send location.","","","","","",""
"Kingdom Hearts Dream Drop Distance","Unstable","https://github.com/LuxMake/Archipelago-KHDDD/releases/latest","Setup Guide: https://github.com/LuxMake/Archipelago-KHDDD/blob/main/worlds/khddd/docs/setup.md","","","","","",""
"Kingdom Two Crowns","Unstable","APWorld: https://discord.com/channels/731205301247803413/1316324689911746570
Github: https://github.com/Catalyss/Archipelago-Kingdom2Crown","","","","","","",""
"Kirby Air Ride","Unstable","https://github.com/DeDeDeK/KARchipelago/releases/latest","Early alpha, playable, expect brokenness","","","","","",""
"Left 4 Dead 2","Unstable","https://github.com/yufiievershade/Left-4-Dead-2-Archipelago/releases","VERY EARLY TESTING! .apworld and instructions can be found inside the .zip
Not allowed on Main due to 18+ rating, check its thread on After Dark in #future-game-design","","","","","",""
"The Legend of Heroes: Trails in the Sky the 3rd","Unstable","https://github.com/Archipelago-Trails-in-the-Sky-the-3rd/Archipelago-Trails-in-the-Sky-the-3rd/releases","Playable but extremly early development. ONLY Prologue + Ch1 implemented so far.
Setup guide: https://github.com/Archipelago-Trails-in-the-Sky-the-3rd/Archipelago-Trails-in-the-Sky-the-3rd/blob/main/worlds/tits_the_3rd/docs/setup_en.md","","","","","",""
"The Legend of Zelda: Majora's Mask","Unstable","https://github.com/LittleCube-hax/MMRecompRando/releases","Setup guide: https://github.com/LittleCube-hax/MMRecompRando 
Has some issues with uncollectable checks and duplicating items","","","","","",""
"The Legend of Zelda: Oracle of Ages","Unstable","https://github.com/SenPierre/ArchipelagoOoA/releases ","","","","","","",""
"The Legend of Zelda: Spirit Tracks","Unstable","https://github.com/DayKat/spirit-tracks/releases","","","","","","",""
"Lego Batman: The Video Game","Unstable","APWorld: https://github.com/ZAPaDASH04/LEGO-Batman-APworld/releases/latest
Client: https://github.com/ZAPaDASH04/LEGO-Batman-Archipelago-Mod/releases/latest","","","","","","",""
"Lethal Company","Unstable","GitHub - T0r1nn/APLC: Archipelago integration for Lethal Company","Requires use of Thunderstore, read instructions available on the GitHub. 
Custom content (mod) support requires additional steps found on the mod page or in the GitHub README.","","","","","",""
"Library of Ruina","Unstable","https://github.com/Az-LastPenguin/LORAP/releases","WARNING: NO LOGIC. Be careful using in multiplayer games. Not allowed on the main discord due to 18+ age rating. See the After Dark discord for the game's future game design post
Setup Guide: https://az-lastpenguin.github.io/guide","","","","","",""
"Lies of P","Unstable","https://github.com/Xtruh/LiesOfAP/releases/","","","","","","",""
"Lobotomy Corporation","Unstable","https://github.com/Kli333/LobCorp-AP/releases","Not allowed in main discord. See the After Dark Discord for the game's channel.","","","","","",""
"Mario Kart 64","Unstable","https://github.com/Edsploration/MK64-Archipelago/releases/latest","See its future game design thread for the setup guide","","","","","",""
"Mario Party Advance","Unstable","https://github.com/etherware-novice/candypelago/releases","Unlikely to receive updates","","","","","",""
"MediEvil (1998)","Unstable","https://github.com/riezahughes/MedievilAPWorld/releases","","","","","","",""
"MediEvil 2","Unstable","APWorld: https://github.com/riezahughes/Medievil2APWorld/releases
Client: https://github.com/riezahughes/Medievil2APClient/releases","","","","","","",""
"Mega Man Battle Network 6","Unstable","https://github.com/RischDev/Archipelago/releases","Now compatible with both Gregar and Falzar","","","","","",""
"Mega Man X4","Unstable","https://github.com/KinTheInfinite/Archipelago-MMX4/releases/","Per the github release, ""many known issues but playable""","","","","","",""
"Mega Man X Command Mission","Unstable","https://github.com/themogulAP/ArchipelagoCM/releases/","Recommended to read the info from first release for setup and ROM used","","","","","",""
"Mega Man Zero 3","Unstable","https://github.com/brodieberger/MMZero3Archipelago/releases/","","","","","","",""
"Mercenaries: Playground of Destruction","Unstable","https://github.com/ToxicFrog/mercs-ap/raw/refs/heads/main/release/mercenaries.apworld","Unstable, Source at https://github.com/ToxicFrog/mercs-ap","","","","","",""
"Mindustry","Unstable","https://github.com/JohnMahglass/Archipelago-Mindustry/releases","","","","","","",""
"Minecraft","Unstable","https://github.com/jacobmix/Minecraft_AP_Randomizer/releases/latest","New fork that is updated to work in newer versions of Archipelago.
Listed as unstable for now since it's so new.","","","","","",""
"Minecraft Dig","Unstable","https://github.com/jacobmix/Minecraft_AP_Randomizer/releases/latest","New fork that is updated to work in newer versions of Archipelago.
Listed as unstable for now since it's so new.","","","","","",""
"Monster Hunter World","Unstable","https://github.com/QPL22/MHW_Archipelago/releases","ONLY ICEBORNE HAS LOGIC - Monster Hunter World: Iceborne, late game has also not properly been tested","","","","","",""
"Musipelago","Unstable","https://github.com/tepiloxtl/musipelago","Create APWorlds out of local sound files and listen to music to send checks","","","","","",""
"Nodebuster","Unstable","https://github.com/Emerald836/Emerlads-Nodebuster_AP_Mod/releases","Early alpha with minimal settings. Setup can be found at https://github.com/Emerald836/Emerlads-Nodebuster_AP_Mod 
Progress on individual quests resets when the room port changes, so it is not recommended to use this in an async","","","","","",""
"Noita - Enemysanity","Unstable","https://github.com/madolinn/NoitaArchipelago/releases/latest","Fork from the Noita version in main. The main world dev knows about it and approves of its existence.","","","","","",""
"Nonopelagram","Unstable","APWorld: https://github.com/StefanDucharme/nonogram-archipelago/releases 
Client: https://github.com/StefanDucharme/nonogram-archipelago/releases","","","","","","",""
"Ocarina of Time but it's just Master Quest Water Temple","Unstable","https://github.com/Alchav/Archipelago/releases/tag/ootbijmqwt-v2.1","Has been updated, new link for the apworld","","","","","",""
"Path of Exile","Unstable","https://github.com/stubobis1/Archipelago/releases","`.apworld` contains the client as well as generation logic. Still early in Development. (Looking for dev help!) 
This is not allowed on the main discord, See the After Dark discord for conversations / bug reports.
The poptracker (highly recommended) is here: https://github.com/stubobis1/PathOfExilePoptracker/releases/latest","","","","","",""
"PEAK","Unstable","https://github.com/Mickemoose/peak-archipelago/releases/latest","","","","","","",""
"Persona 5 Royal","Unstable","https://github.com/Daphoa/ArchipelagoP5RMod/releases/","Currently only up to the Kamoshida boss fight. Check the discord thread for more details.","","","","","",""
"Phantasy Star II","Unstable","https://github.com/lagdotcom/Archipelago/releases?q=Phantasy+Star+II&expanded=true","","","","","","",""
"Phoenotopia: Awakening","Unstable","https://github.com/Amphyros/Phoenotopia-Awakening-AP-client/releases","Only a set of items in Panselo, Doki Forest and Anuri Temple are randomized, testing and thread discussion appreciated!","","","","","",""
"Pikmin 1","Unstable","https://github.com/Poke714/Archipelago/releases/latest","","","","","","",""
"Pikmin 2","Unstable","https://github.com/chpas0/Pikmin2Archipelago/releases","It is still in development, so there will likely be bugs
Setup Guide: https://github.com/chpas0/Pikmin2Archipelago/blob/main/docs/setup_en.md","","","","","",""
"Piranesi Restoration Project (Luanti)","Unstable","https://content.luanti.org/packages/Warr1024/piranesi_archipelago/","","","","","","",""
"The Planet Crafter","Unstable","APWorld: https://github.com/Hawkrex/Archipelago-ThePlanetCrafter/releases
Client: https://github.com/Hawkrex/TPCA/releases","WARNING: Pre-Release","","","","","",""
"Plok","Unstable","https://github.com/Happyhappyism/Archipelago/releases/tag/plokap","","","","","","",""
"PokéPark Wii: Pikachu's Adventure","Unstable","https://github.com/Mekurushi/Archipelago_Pokepark/releases","All versions work. Mostly stable, but still has some bugs that may require the host to run /send_location. Goal does not work sometimes.","","","","","",""
"Pokémon Black and White","Unstable","https://github.com/BlastSlimey/PokemonBWAP/releases","","","","","","",""
"Pokémon Pinball","Unstable","https://github.com/Happyhappyism/Archipelago/releases?q=Pokemon+Pinball&expanded=true","Not completed but mostly playable","","","","","",""
"Pokémon Platinum","Unstable","https://github.com/ljtpetersen/platinum_archipelago/releases/","No Pokemon randomization at the time of writing this.","","","","","",""
"Pokémon Stadium","Unstable","https://github.com/jciii91/Pokemon-Stadium/releases","Setup Guide can be found on the first release page","","","","","",""
"PowerWash Simulator","Unstable","https://github.com/SWCreeperKing/PowerwashSimAP/releases/","You can only play levels which are unlocked in a vanilla game","","","","","",""
"Quake","Unstable","https://github.com/randomcodegen/ironwail_ap/releases/latest","PEGI 18, so not allowed on the main discord. Discord thread for reporting bugs is in the After Dark discord","","","","","",""
"Ratchet & Clank","Unstable","https://github.com/Panda291/Archipelago/releases/","First PS3 game on Archipelago!","","","","","",""
"Ratchet & Clank 3: Up Your Arsenal","Unstable","https://github.com/Taoshix/Archipelago-RaC3/releases/","Setup Guide: https://github.com/Taoshix/Archipelago-RaC3/blob/staging/worlds/rac3/docs/setup_en.md 
Supports both Universal Tracker and poptracker","","","","","",""
"Refunct","Unstable","https://github.com/spinerak/refunct-tas-archipelago/releases","","","","","","",""
"R.E.P.O","Unstable","https://github.com/Automagic00/R.E.P.O.-Archipelago-Client-Mod/releases","Requires ThunderStore Mod Manager","","","","","",""
"Resident Evil 7","Unstable","APWorld: https://github.com/ElGrenier/RE7_AP_World/releases/ 
Client: https://github.com/ElGrenier/RE7_AP_Client/releases/ ","Not allowed on the main discord due to 18+ age rating. 1st and 2nd chapter are playable (Guest House + Mainhouse)
Please report errors in the RE7 channel in the AD Archipelago discord","","","","","",""
"Return of the Obra Dinn","Unstable","","USK 18, not allowed on main and only found in After Dark, game mod at https://github.com/wkcheezy/ObraDinnArchipelago/releases/latest","","","","","",""
"Rimworld","Unstable","https://github.com/PhantomOfAres/ArchipelagoRimworld/releases/","PEGI 18, so the Discord thread is on the After Dark discord.","","","","","",""
"Risk of Rain","Unstable","https://github.com/studkid/RoR_Archipelago/releases","Works with 2013 and Returns. Uses the same APWorld.","","","","","",""
"The Settlers: Heritage of Kings","Unstable","APWorld: https://github.com/ZorkManu/SettlersHeritageOfKingsAPWorld/tree/main 
Mappack: https://github.com/ZorkManu/ArchipelagoS5Mappack ","More information needed, this section of the entry will be edited after obtaining it","","","","","",""
"Severed Soul","Unstable","https://github.com/Grenhunterr/Archipelago/releases","","","","","","",""
"Shadowgate 64: Trials of the Four Towers","Unstable","https://github.com/jjjj12212/Archipelago-Shadowgate64/releases","","","","","","",""
"shapez 2","Unstable","https://github.com/BlastSlimey/2hapezipelago_legacy/releases","Very early alpha, playable but just a proof of concept for now","","","","","",""
"Shining in the Darkness","Unstable","https://github.com/lagdotcom/Archipelago/releases/","","","","","","",""
"Shovel Knight Pocket Dungeon","Unstable","https://github.com/Mitchell1711/Archipelago/releases","Playable, mod support for the game is still in active development however","","","","","",""
"Signalis","Unstable","https://github.com/devoidlazarus/SIGNALISArchipelagoRandomizer/releases/latest","Setup Guide: https://github.com/devoidlazarus/SIGNALISArchipelagoRandomizer/blob/main/installation_instructions.md","","","","","",""
"Silver Daze","Unstable","https://github.com/udime123/Silver-Daze-APWorld/releases/","Completely playable, marked as unstable as it has not been thoroughly tested yet and could have unforeseen issues.","","","","","",""
"Slime Rancher","Unstable","https://github.com/SWCreeperKing/Slimipelago/releases","","","","","","",""
"Smushi Come Home","Unstable","APWorld: https://github.com/xMcacutt-Archipelago/Archipelago-SmushiComeHome/releases 
Client: https://github.com/xMcacutt-Archipelago/Smushi-AP-Client/releases ","","","","","","",""
"Sonic Advance 2","Unstable","https://github.com/NiwatoriCode/sadv2_ap_releases/releases","Setup Guide can be found here","","","","","",""
"Sonic Battle","Unstable","Check the future game design thread for the latest apworld","The latest build is NOT the pinned one as of currently","","","","","",""
"Space Engineers","Unstable","https://discord.com/channels/731205301247803413/1150549089017143467/1190140487806496910","Abandoned but never forgotten, requires downpatching","","","","","",""
"Spelunky 2","Unstable","https://github.com/DDR-Khat/Spelunky2-Archipelago/releases/latest","","","","","","",""
"Spirit Valley","Unstable","https://github.com/DotsofdarknessArchipelago/Spirit-Valley-Archipelago/releases/latest","Not allowed on the main discord due to 18+ sexual content. See the After Dark discord for the game's thread.","","","","","",""
"Spyro the Dragon","Unstable","https://github.com/gamefreq0/Archipelago/releases","As of the week of its release Portal Shuffle doesn't work along other issues.","","","","","",""
"Streets of Rage","Unstable","https://github.com/UltiNaruto/SOR_AP_Randomizer/releases","Only the MegaDrive (W) (REV00), 3D Streets of Rage and Sega Classics (Steam) ROMs are supported","","","","","",""
"Super Adventure Island II","Unstable","Check in the future game design channel for the latest apworld + yaml file","Extremely early development, but technically playable. May have logic issues.","","","","","",""
"Super Mario RPG","Unstable","Check the future game design channel for the latest apworld and instructions for your ROM","Requires a North American rom, as well as editing your host.yaml file to play","","","","","",""
"Super Mario Sunshine","Unstable","https://github.com/Joshark/archipelago-sms/releases/","Remember to start the game up and have it fully running BEFORE opening the client at all.
Setup Guide: https://github.com/Joshark/archipelago-sms/blob/main/worlds/sms/docs/setup_en.md","","","","","",""
"Super Mario Sunshine Arcade 2","Unstable","https://github.com/Jorbori/SMSA2AP/releases","","","","","","",""
"Super Mario World: Spicy Mycena Waffles","Unstable","https://github.com/TheLX5/Archipelago/releases?q=""Spicy+Mycena+Waffles""&expanded=true","Fork of the Super Mario World AP Randomizer
See its thread in the future-game-design channel for information.
https://discord.com/channels/731205301247803413/1178700404637311086/1296169222396969012","","","","","",""
"Super Metroid Map Rando","Unstable","Check in the future game design channel for the latest apworld","Implementation rewrite is being tested, may contain bugs","","","","","",""
"Super Smash Bros. Melee","Unstable","https://github.com/PinkSwitch/Archipelago/releases?q=melee&expanded=true","Possible that a newer version exists in the pins of its thread","","","","","",""
"Supraland","Unstable","APWorld: https://github.com/DrNjitram/ArchipelagoSupra/releases
Client: https://github.com/DrNjitram/SuprAP/releases","Early Alpha, full runs not expected to work
Setup Guide can be found the future-game-design thread","","","","","",""
"Totally Accurate Battle Simmulator (TABS)","Unstable","https://github.com/duckboycool/TABS-Archipelago","","","","","","",""
"Total War: Warhammer III","Unstable","https://github.com/SinthorasRage/Archipelago_TWW3","Alpha build finished, playable and probably stable and enjoyable, but Testers are needed and a lot of features are not refined yet.","","","","","",""
"Touhou Eiyashou ~ Imperishable Night","Unstable","https://github.com/Nepley/in-apworld/releases","Unrated, see the After Dark Discord for the game's channel.","","","","","",""
"Ty The Tasmanian Tiger 2","Unstable","APWorld: https://github.com/FyreDay/Archipelago-TyTheTasmanianTiger2/releases 
Client: https://github.com/FyreDay/Archipelago-TyTheTasmanianTiger2/releases ","Public prerelease for testing, do not bring to other people's multiworlds","","","","","",""
"Unfair Flips","Unstable","APWorld: https://github.com/xMcacutt-Archipelago/Archipelago-UnfairFlips/releases/latest
Mod: https://github.com/robotzurg/UnfairFlipsAPMod","Playable, but very early in development.
Thread: https://discord.com/channels/731205301247803413/1443942587974029322","","","","","",""
"Vacation Simulator","Unstable","Check the future game design channel for the latest apworld and mod","Source Code: GitHub - chandler05/APVacationSim: An Archipelago Integration mod for the game Vacation Simulator","","","","","",""
"Valheim","Unstable","https://github.com/Samupo/ValheimArchipelagoRandomizer/releases","The .apworld file is inside the zip file","","","","","",""
"Vespadian","Unstable","https://github.com/Quinn-Patrick/Archipelago-Vespadian/releases","","","","","","",""
"Void Stranger","Unstable","https://github.com/CriminalPancake/void-stranger-ap","A specific key item doesn't get received properly when the game isn't connected to the AP server","","","","","",""
"Voltorb Flip (from Pokémon HG & SS)","Unstable","https://github.com/BlastSlimey/Archipelago/releases?q=Voltorb+Flip&expanded=true","Very silly little thing, only a handful of checks and all items are filler","","","","","",""
"WEBFISHING","Unstable","Releases · mwoiii/webfishing-ap","","","","","","",""
"West of Loathing","Unstable","https://github.com/Lucasvdm/WOLAP/releases/latest","Playable, but early alpha, expect bugs and logic issues and other weirdness","","","","","",""
"Word Search","Unstable","APWorld: https://github.com/ProfDeCube/Archipelago/releases/tag/wordsearch 
Client: https://apworlds.com/word-search?ver=preview","Has some logic bugs, currently playable","","","","","",""
"Xenoblade Chronicles X","Unstable","https://github.com/MaragonMH/Archipelago/releases","Early state, has logic issues, game is very long","","","","","",""
"Yet Another Rhythm Game (YARG)","Unstable","https://github.com/energymaster22/YARGArchipelago/releases/latest","","","","","","",""
"Yoku's Island Express","Unstable","https://git.makuluni.com/Archipelago/YokuAPWorld/releases","Playable, occasionally crashes. See its thread in the future-game-design channel.","","","","","",""
"Yu-Gi-Oh! GX - Duel Academy (GBA)","Unstable","Check the future game design channel for the latest apworld","","","","","","",""
"Christmas Delivery","Broken on Main","https://github.com/ObsidianMakerDevelopment/christmasdeliveryapworld/releases/latest","Setup instructions: Download the ChristmasDelivery.html and run it.
Does not work in 0.6.2 or higher.","","","","","",""
"Momodora 4 - Reverie Under the Moonlight","Broken on Main","https://github.com/ordinary-magic/MomodoraArchipelagoRandomizer/releases","Does not work in 0.6.2 or higher","","","","","",""
"Password Game","Broken on Main","https://github.com/ThePhar/ThePasswordGameArchipelago/releases/latest","Does not work in 0.6.2 or higher. Will have problems if multiple games share item or location IDs.","","","","","",""
"Santa Needs YOU!","Broken on Main","https://github.com/Ishigh1/Santa_AP/releases/latest","A meta game about the archipelago gifting mechanic.
Does not work in 0.6.2 or higher.","","","","","",""
"Seedling","Broken on Main","https://github.com/madisonsilver/SeedlingArchipelagoWorld/releases","Documentation/Setup: https://github.com/madisonsilver/SeedlingArchipelagoWorld/tree/main/seedling/docs 
Does not work in 0.6.2 or higher.","","","","","",""